{"cameraMode":{"drawMode":0,"name":"Shaded","section":"Shading Mode"},"sceneLighting":true,"audioPlay":false,"sceneViewState":{"m_AlwaysRefresh":false,"showFog":true,"showSkybox":true,"showFlares":true,"showImageEffects":true,"showParticleSystems":true,"showVisualEffectGraphs":true,"m_FxEnabled":true},"in2DMode":false,"pivot":{"x":0.8032732605934143,"y":4.2369771003723148,"z":-5.071921348571777},"rotation":{"x":0.3196428418159485,"y":-0.20343126356601716,"z":0.07073941826820374,"w":0.9228805899620056},"size":1.5835736989974976,"orthographic":false}