{"cameraMode":{"drawMode":0,"name":"Shaded","section":"Shading Mode"},"sceneLighting":true,"audioPlay":false,"sceneViewState":{"m_AlwaysRefresh":false,"showFog":true,"showSkybox":true,"showFlares":true,"showImageEffects":true,"showParticleSystems":true,"showVisualEffectGraphs":true,"m_FxEnabled":true},"in2DMode":false,"pivot":{"x":-0.8708506226539612,"y":-0.6799138188362122,"z":4.8936381340026859},"rotation":{"x":0.27903762459754946,"y":0.12270750105381012,"z":-0.03620438277721405,"w":0.9518184065818787},"size":2.4084839820861818,"orthographic":false}