{"cameraMode":{"drawMode":0,"name":"Shaded","section":"Shading Mode"},"sceneLighting":false,"audioPlay":false,"sceneViewState":{"m_AlwaysRefresh":false,"showFog":true,"showSkybox":false,"showFlares":true,"showImageEffects":true,"showParticleSystems":true,"showVisualEffectGraphs":true,"m_FxEnabled":true},"in2DMode":false,"pivot":{"x":0.39084380865097048,"y":1.7042739391326905,"z":-1.1750540733337403},"rotation":{"x":0.0007014893344603479,"y":0.9996181130409241,"z":0.026512091979384424,"w":-0.01815136708319187},"size":3.055755376815796,"orthographic":false}